Core Name,Sys Date,Sys Time,User,Latest RBF Date,Release Newer Than SYS?,Status
PDP1_MiSTer,20/12/2018,23:48:24,hrvach,01/01/2019,Yes,Active
Life_MiSTer,27/04/2020,15:42:10,hrvach,30/04/2020,Yes,Active
SharpMZ_MiSTer,09/07/2021,13:47:03,alanswx,09/07/2021,Yes,Active
Arcade-Atari-system1_MiSTer,08/04/2024,19:19:50,d18c7db,22/11/2025,Yes,Active
Chess_MiSTer,09/04/2024,13:14:15,birdybro,10/04/2024,Yes,Active
Arcade-Asteroids_MiSTer,25/05/2024,11:21:25,birdybro,25/05/2024,Yes,Active
Arcade-AsteroidsDeluxe_MiSTer,25/05/2024,11:38:21,birdybro,25/05/2024,Yes,Active
Arcade-ATetris_MiSTer,25/05/2024,11:50:05,birdybro,08/08/2025,Yes,Active
Arcade-MCR1_MiSTer,25/05/2024,13:32:25,birdybro,23/07/2025,Yes,Active
Arcade-ZigZag_MiSTer,25/05/2024,13:37:31,alanswx,25/05/2024,Yes,Active
Arcade-Zaxxon_MiSTer,25/05/2024,13:50:47,alanswx,25/05/2024,Yes,Active
Arcade-XSleena_MiSTer,25/05/2024,14:38:58,birdybro,26/07/2025,Yes,Active
Arcade-TraverseUSA_MiSTer,25/05/2024,14:53:15,alanswx,13/01/2026,Yes,Active
Arcade-Ultratank_MiSTer,25/05/2024,15:24:17,alanswx,25/05/2024,Yes,Active
Arcade-MCR3Scroll_MiSTer,25/05/2024,15:53:29,birdybro,25/05/2024,Yes,Active
Arcade-BlackWidow_MiSTer,25/05/2024,21:25:58,birdybro,25/05/2024,Yes,Active
Arcade-Breakout_MiSTer,25/05/2024,23:06:01,birdybro,25/05/2024,Yes,Active
Arcade-Centipede_MiSTer,26/05/2024,02:24:12,birdybro,23/07/2025,Yes,Active
Arcade-Galivan_MiSTer,26/05/2024,12:42:46,birdybro,26/05/2024,Yes,Active
Arcade-CrystalCastles_MiSTer,26/05/2024,15:22:09,birdybro,26/05/2024,Yes,Active
Arcade-FoodFight_MiSTer,26/05/2024,21:15:02,birdybro,26/05/2024,Yes,Active
Arcade-Frenzy_MiSTer,27/05/2024,00:58:52,birdybro,27/05/2024,Yes,Active
Arcade-Gaplus_MiSTer,27/05/2024,01:56:39,birdybro,23/07/2025,Yes,Active
Arcade-IkariWarriors_MiSTer,27/05/2024,03:26:41,birdybro,12/01/2026,Yes,Active
Arcade-Sonson_MiSTer,27/05/2024,14:28:58,alanswx,27/05/2024,Yes,Active
Arcade-IronHorse_MiSTer,27/05/2024,19:02:58,birdybro,27/05/2024,Yes,Active
Arcade-KickAndRun_MiSTer,27/05/2024,20:30:01,birdybro,30/07/2024,Yes,Active
Arcade-SpaceRace_MiSTer,28/05/2024,08:51:29,alanswx,28/05/2024,Yes,Active
UK101_MiSTer,28/05/2024,22:06:21,danielb0,28/05/2024,Yes,Active
Arcade-LunarLander_MiSTer,29/05/2024,12:36:18,birdybro,29/05/2024,Yes,Active
Arcade-MarioBros_MiSTer,30/05/2024,21:55:56,birdybro,05/08/2024,Yes,Active
Arcade-MrDo_MiSTer,31/05/2024,00:09:49,birdybro,25/07/2025,Yes,Active
Arcade-PenguinKunWars_MiSTer,31/05/2024,12:01:44,birdybro,23/07/2025,Yes,Active
Arcade-Performan_MiSTer,31/05/2024,12:24:36,birdybro,12/01/2026,Yes,Active
Arcade-Pleiads_MiSTer,01/06/2024,20:44:00,birdybro,30/11/2025,Yes,Active
Arcade-PolyPlay_MiSTer,01/06/2024,22:22:33,birdybro,25/07/2025,Yes,Active
Arcade-Popeye_MiSTer,01/06/2024,23:21:14,birdybro,02/06/2024,Yes,Active
Arcade-Robotron_MiSTer,02/06/2024,21:27:06,birdybro,26/02/2026,Yes,Active
Arcade-RushnAttack_MiSTer,02/06/2024,23:07:10,birdybro,23/07/2025,Yes,Active
Arcade-SegaVICZ80_MiSTer,03/06/2024,01:10:44,birdybro,12/01/2026,Yes,Active
Arcade-SEGASYS1_MiSTer,03/06/2024,04:28:39,birdybro,23/07/2025,Yes,Active
Arcade-SuprLoco_MiSTer,15/06/2024,15:10:08,ika-musume,28/09/2025,Yes,Active
CoCo2_MiSTer,24/06/2024,21:59:28,shodge12,13/03/2025,Yes,Active
InputTest_MiSTer,27/07/2024,15:39:26,birdybro,27/07/2024,Yes,Active
SlugCross_MiSTer,27/07/2024,17:27:49,birdybro,27/07/2024,Yes,Active
GenMidi_MiSTer,11/08/2024,16:34:40,birdybro,17/08/2024,Yes,Active
GBMidi_MiSTer,11/08/2024,18:55:18,birdybro,11/08/2024,Yes,Active
SuperCassetteVision_MiSTer,14/08/2024,00:41:46,ReverendGumby,07/09/2025,Yes,Active
Arcade-Psychic5_MiSTer,28/08/2024,02:37:57,birdybro,14/08/2025,Yes,Active
Arcade-Exerion_MiSTer,15/09/2024,00:25:21,antongale,15/09/2024,Yes,Active
Arcade-BubSysROM_MiSTer,06/11/2024,13:25:24,ika-musume,08/01/2025,Yes,Active
MiSTerLaggy_MiSTer,14/11/2024,04:12:36,wickerwaka,16/11/2024,Yes,Active
MultiComp_MiSTer,16/12/2024,23:03:47,fvaneijk,06/01/2025,Yes,Active
Arcade-DottoriKun_MiSTer,05/01/2025,14:42:08,JimmyStones,24/07/2025,Yes,Active
Arcade-Blockade_MiSTer,05/01/2025,16:01:05,JimmyStones,05/01/2025,Yes,Active
MSX1_MiSTer,08/01/2025,20:36:07,tdlabac,08/01/2025,Yes,Active
Arcade-NaughtyBoy_MiSTer,16/03/2025,20:23:25,darfpga,12/01/2026,Yes,Active
Arcade-TaitoF2_MiSTer,20/04/2025,22:41:44,wickerwaka,28/10/2025,Yes,Active
Arcade-Gauntlet_MiSTer,25/04/2025,21:31:29,d18c7db,25/04/2025,Yes,Active
SuperVision_MiSTer,09/07/2025,03:01:00,TheJesusFish,15/07/2025,Yes,Active
Odyssey2_MiSTer,17/07/2025,04:20:31,TheJesusFish,17/07/2025,Yes,Active
EpochGalaxy2_MiSTer,18/07/2025,02:26:02,TheJesusFish,18/07/2025,Yes,Active
TomyScramble_MiSTer,23/08/2025,06:37:04,TheJesusFish,23/08/2025,Yes,Active
Intv_MiSTer,04/09/2025,03:56:57,TheJesusFish,04/09/2025,Yes,Active
EDSAC_MiSTer,05/09/2025,06:14:12,TheJesusFish,05/09/2025,Yes,Active
ChannelF_MiSTer,08/09/2025,04:07:11,TheJesusFish,08/09/2025,Yes,Active
VC4000_MiSTer,08/09/2025,04:25:20,TheJesusFish,08/09/2025,Yes,Active
Arcadia_MiSTer,08/09/2025,06:25:53,TheJesusFish,08/09/2025,Yes,Active
EG2000_MiSTer,08/09/2025,06:44:59,TheJesusFish,08/09/2025,Yes,Active
Saturn_MiSTer,27/09/2025,13:19:49,srg320,04/10/2025,Yes,Active
Apple-I_MiSTer,02/10/2025,04:37:31,TheJesusFish,02/10/2025,Yes,Active
Enterprise_MiSTer,09/11/2025,19:17:06,albconde,25/11/2025,Yes,Active
TK2000_MiSTer,25/11/2025,18:14:44,alanswx,25/11/2025,Yes,Active
Arcade-TropicalAngel_MiSTer,03/12/2025,08:19:57,jackyangantelope,10/04/2024,No,Active
Arcade-BubSys_MiSTer,03/12/2025,09:57:42,jackyangantelope,07/01/2025,No,Active
FlappyBird_MiSTer,04/12/2025,08:01:48,jackyangantelope,13/07/2025,No,Active
AliceMC10_MiSTer,04/12/2025,08:10:22,jackyangantelope,16/01/2021,No,Active
RX-78_MiSTer,04/12/2025,08:18:18,jackyangantelope,18/07/2025,No,Active
TatungEinstein_MiSTer,04/12/2025,08:28:42,jackyangantelope,07/09/2025,No,Active
Arcade-Joust2_MiSTer,04/12/2025,08:29:37,jackyangantelope,04/01/2026,Yes,Active
PSX_MiSTer,04/12/2025,14:59:55,TheJesusFish,12/04/2026,Yes,Active
GnW_MiSTer,05/12/2025,09:55:02,jackyangantelope,24/08/2025,No,Active
CDi_MiSTer,08/12/2025,08:50:06,sorgelig,02/05/2026,Yes,Active
Arcade-VBall_MiSTer,09/12/2025,03:48:48,jackyangantelope,24/07/2025,No,Active
Arcade-MysticMarathon_MiSTer,09/12/2025,05:48:08,jackyangantelope,31/05/2024,No,Active
Arcade-TurkeyShoot_MiSTer,09/12/2025,06:01:21,jackyangantelope,25/05/2024,No,Active
Arcade-SNK_TripleZ80_MiSTer,09/12/2025,06:07:00,jackyangantelope,10/01/2026,Yes,Active
Arcade-Athena_MiSTer,09/12/2025,06:09:00,jackyangantelope,25/05/2024,No,Active
Arcade-Chameleon_MiSTer,09/12/2025,06:14:28,jackyangantelope,26/05/2024,No,Active
Arcade-BankPanic_MiSTer,09/12/2025,06:24:12,jackyangantelope,10/01/2026,Yes,Active
Arcade-TNKIII_MiSTer,09/12/2025,07:01:09,jackyangantelope,15/06/2024,No,Active
Arcade-Inferno_MiSTer,09/12/2025,07:02:19,jackyangantelope,04/01/2026,Yes,Active
Arcade-MrJong_MiSTer,09/12/2025,07:03:38,jackyangantelope,12/01/2026,Yes,Active
Arcade-ExpressRaider_MiSTer,09/12/2025,07:05:08,jackyangantelope,19/06/2026,Yes,Active
Arcade-Freeze_MiSTer,09/12/2025,07:12:31,jackyangantelope,27/05/2024,No,Active
VT52_MiSTer,09/12/2025,13:47:29,jackyangantelope,20/11/2024,No,Active
Donut_MiSTer,09/12/2025,13:48:02,jackyangantelope,17/02/2025,No,Active
Arcade-IremM90_MiSTer,09/12/2025,13:48:30,jackyangantelope,08/02/2025,No,Active
Arcade-IremM107_MiSTer,09/12/2025,13:48:49,jackyangantelope,12/01/2026,Yes,Active
Arcade-Exidy2_MiSTer,09/12/2025,13:49:13,jackyangantelope,26/05/2024,No,Active
Arcade-IremM92_MiSTer,09/12/2025,13:49:30,jackyangantelope,12/01/2026,Yes,Active
Arcade-Salamander_MiSTer,09/12/2025,13:49:44,jackyangantelope,03/11/2024,No,Active
Arcade-BattleZone_MiSTer,09/12/2025,13:50:04,jackyangantelope,22/11/2025,No,Active
BBCBridgeCompanion_MiSTer,09/12/2025,13:50:30,jackyangantelope,01/01/2025,No,Active
Arcade-CongoBongo_MiSTer,09/12/2025,13:53:48,jackyangantelope,26/05/2024,No,Active
Arcade-Bosconian_MiSTer,09/12/2025,13:54:30,jackyangantelope,23/07/2025,No,Active
PokemonMini_MiSTer,09/12/2025,13:54:54,jackyangantelope,04/09/2025,No,Active
Arcade-MissileCommand_MiSTer,09/12/2025,13:55:13,jackyangantelope,24/07/2025,No,Active
Arcade-TankBattalion_MiSTer,09/12/2025,13:55:33,jackyangantelope,26/05/2024,No,Active
SGB_MiSTer,09/12/2025,13:56:02,jackyangantelope,27/11/2024,No,Active
CoCo3_MiSTer,09/12/2025,13:57:03,jackyangantelope,15/05/2024,No,Active
Arcade-Jailbreak_MiSTer,09/12/2025,13:57:20,jackyangantelope,28/07/2025,No,Active
Arcade-Subs_MiSTer,09/12/2025,13:57:37,jackyangantelope,27/05/2024,No,Active
SordM5_MiSTer,09/12/2025,13:57:57,jackyangantelope,04/09/2025,No,Active
Arcade-Finalizer_MiSTer,09/12/2025,13:58:59,jackyangantelope,29/06/2026,Yes,Active
Arcade-Cosmic_MiSTer,09/12/2025,13:59:20,jackyangantelope,16/02/2026,Yes,Active
Arcade-ScooterShooter_MiSTer,09/12/2025,13:59:37,jackyangantelope,03/06/2024,No,Active
Arcade-Jackal_MiSTer,09/12/2025,13:59:55,jackyangantelope,29/06/2026,Yes,Active
Arcade-Gyruss_MiSTer,09/12/2025,14:00:51,jackyangantelope,27/05/2024,No,Active
SVI328_MiSTer,09/12/2025,14:01:42,jackyangantelope,21/10/2024,No,Active
Arcade-TIAMC1_MiSTer,09/12/2025,14:06:04,jackyangantelope,26/05/2024,No,Active
Arcade-DonkeyKong3_MiSTer,09/12/2025,14:08:47,jackyangantelope,31/05/2026,Yes,Active
Arcade-TimePilot84_MISTer,09/12/2025,14:10:29,jackyangantelope,29/06/2026,Yes,Active
Amstrad-PCW_MiSTer,09/12/2025,14:11:10,jackyangantelope,23/06/2025,No,Active
Arcade-DonkeyKongJunior_MiSTer,09/12/2025,14:11:52,jackyangantelope,09/05/2026,Yes,Active
Arcade-IremM62_MiSTer,09/12/2025,14:13:22,jackyangantelope,27/05/2024,No,Active
Arcade-Tecmo_MiSTer,09/12/2025,14:16:43,jackyangantelope,12/03/2026,Yes,Active
Arcade-MCR3_MiSTer,09/12/2025,14:22:02,jackyangantelope,25/05/2024,No,Active
Arcade-MCR2_MiSTer,09/12/2025,14:24:02,jackyangantelope,25/05/2024,No,Active
Arcade-MCR3Mono_MiSTer,09/12/2025,14:25:23,jackyangantelope,25/05/2024,No,Active
Arcade-SolomonsKey_MiSTer,09/12/2025,14:28:53,jackyangantelope,23/07/2025,No,Active
Arcade-DigDug_MiSTer,09/12/2025,14:29:12,jackyangantelope,02/07/2026,Yes,Active
Arcade-Druaga_MiSTer,09/12/2025,14:29:30,jackyangantelope,23/07/2025,No,Active
Arcade-NinjaKun_MiSTer,09/12/2025,14:30:09,jackyangantelope,23/07/2025,No,Active
Arcade-Pong_MiSTer,09/12/2025,14:30:25,jackyangantelope,01/06/2024,No,Active
Arcade-RallyX_MiSTer,09/12/2025,14:30:45,jackyangantelope,02/06/2026,Yes,Active
Arcade-SilverLand_MiSTer,09/12/2025,14:31:33,jackyangantelope,03/06/2024,No,Active
Arcade-Berzerk_MiSTer,09/12/2025,14:31:54,jackyangantelope,14/07/2024,No,Active
Arcade-RiverPatrol_MiSTer,09/12/2025,14:32:11,jackyangantelope,03/06/2024,No,Active
Arcade-SuperBreakout_MiSTer,09/12/2025,14:32:27,jackyangantelope,25/05/2024,No,Active
Arcade-CanyonBomber_MiSTer,09/12/2025,14:33:19,jackyangantelope,26/05/2024,No,Active
Arcade-Sprint1_MiSTer,09/12/2025,14:33:56,jackyangantelope,27/05/2024,No,Active
Arcade-Dominos_MiSTer,09/12/2025,14:34:10,jackyangantelope,26/05/2024,No,Active
Arcade-Arkanoid_MISTer,09/12/2025,14:34:29,jackyangantelope,26/06/2026,Yes,Active
Arcade-Sprint2_MiSTer,09/12/2025,14:34:44,jackyangantelope,27/05/2024,No,Active
Orao_MiSTer,09/12/2025,14:35:32,jackyangantelope,29/07/2024,No,Active
Altair8800_Mister,09/12/2025,14:42:35,jackyangantelope,07/01/2025,No,Active
Arcade-DonkeyKong_MiSTer,09/12/2025,14:49:43,jackyangantelope,09/05/2026,Yes,Active
Arcade-BurningRubber_MiSTer,09/12/2025,14:51:11,jackyangantelope,26/05/2024,No,Active
Arcade-Scramble_MiSTer,09/12/2025,14:53:46,jackyangantelope,11/04/2026,Yes,Active
Arcade-BurgerTime_MiSTer,09/12/2025,14:54:03,jackyangantelope,25/05/2024,No,Active
Arcade-MoonPatrol_MiSTer,09/12/2025,14:57:40,jackyangantelope,31/05/2024,No,Active
Arcade-Galaxian_MiSTer,09/12/2025,14:58:07,jackyangantelope,25/07/2025,No,Active
Arcade-Pengo_MiSTer,09/12/2025,14:58:27,jackyangantelope,31/05/2024,No,Active
Arcade-Pacman_MiSTer,09/12/2025,14:58:45,jackyangantelope,26/06/2026,Yes,Active
Arcade-LadyBug_MiSTer,09/12/2025,14:59:26,jackyangantelope,29/05/2024,No,Active
Arcade-Pooyan_MiSTer,09/12/2025,15:07:41,jackyangantelope,01/06/2024,No,Active
Arcade-BombJack_MiSTer,09/12/2025,15:08:26,jackyangantelope,04/08/2024,No,Active
Arcade-TimePilot_MiSTer,09/12/2025,15:08:41,jackyangantelope,26/05/2024,No,Active
Arcade-ComputerSpace_MiSTer,09/12/2025,15:08:58,jackyangantelope,26/05/2024,No,Active
Arcade-Galaga_MiSTer,09/12/2025,15:10:59,jackyangantelope,27/05/2024,No,Active
Arcade-Bagman_MiSTer,09/12/2025,15:11:17,jackyangantelope,25/05/2024,No,Active
Arcade-Xevious_MiSTer,09/12/2025,15:11:34,jackyangantelope,05/06/2024,No,Active
Arcade-CrazyKong_MiSTer,09/12/2025,15:11:57,jackyangantelope,24/07/2025,No,Active
Arcade-Phoenix_MiSTer,09/12/2025,15:12:11,jackyangantelope,01/06/2024,No,Active
Arcade-Defender_MiSTer,09/12/2025,15:12:42,jackyangantelope,26/02/2026,Yes,Active
Homelab-MiSTer,09/12/2025,15:15:29,jackyangantelope,08/09/2025,No,Active
MyVision_MiSTer,09/12/2025,15:15:49,jackyangantelope,22/06/2025,No,Active
Super_Vision_8000_MiSTer,09/12/2025,15:16:07,jackyangantelope,22/06/2025,No,Active
Casio_PV-1000_MiSTer,09/12/2025,15:16:53,jackyangantelope,22/06/2025,No,Active
Casio_PV-2000_MiSTer,09/12/2025,15:17:18,jackyangantelope,22/06/2025,No,Active
ColecoAdam_MiSTer,09/12/2025,15:17:35,jackyangantelope,08/09/2025,No,Active
TomyTutor_MiSTer,09/12/2025,15:18:03,jackyangantelope,23/06/2025,No,Active
Lynx48_MiSTer,09/12/2025,15:18:50,jackyangantelope,08/09/2025,No,Active
AcornElectron_MiSTer,09/12/2025,15:19:06,jackyangantelope,02/10/2025,No,Active
Interact_MiSTer,09/12/2025,15:19:37,jackyangantelope,06/10/2025,No,Active
ADCTest_MiSTer,09/12/2025,15:20:43,jackyangantelope,19/06/2025,No,Active
AcornAtom_MiSTer,09/12/2025,15:21:00,jackyangantelope,02/10/2025,No,Active
Laser310_MiSTer,09/12/2025,15:21:16,jackyangantelope,08/09/2025,No,Active
Galaksija_MiSTer,09/12/2025,15:21:32,jackyangantelope,08/10/2025,No,Active
Arduboy_MiSTer,09/12/2025,15:22:09,jackyangantelope,25/08/2025,No,Active
Chip8_MiSTer,09/12/2025,15:22:32,jackyangantelope,06/09/2025,No,Active
TRS-80_MiSTer,09/12/2025,15:22:48,jackyangantelope,10/12/2025,Yes,Active
AY-3-8500-MiSTer,09/12/2025,15:23:11,jackyangantelope,04/09/2025,No,Active
TI-99_4A_MiSTer,09/12/2025,15:23:28,jackyangantelope,03/12/2025,No,Active
Arcade-CosmicGuerilla_MiSTer,11/12/2025,13:29:54,MacroFPGA,16/02/2026,Yes,Active
Arcade-CrazyBalloon_MiSTer,11/12/2025,13:31:24,MacroFPGA,11/12/2025,Yes,Active
N64_MiSTer,18/12/2025,14:57:56,n64update,10/01/2026,Yes,Active
OndraSPO186_MiSTer,19/12/2025,20:14:55,PetrM1,19/12/2025,Yes,Active
PCXT_MiSTer,20/12/2025,14:11:52,spark2k06,12/03/2026,Yes,Active
PMD85_MiSTer,21/12/2025,16:52:34,PetrM1,21/12/2025,Yes,Active
IQ151_MiSTer,21/12/2025,18:39:43,PetrM1,21/12/2025,Yes,Active
Tandy1000_MiSTer,06/01/2026,10:36:45,spark2k06,12/03/2026,Yes,Active
PCjr_MiSTer,06/01/2026,10:36:45,spark2k06,13/03/2026,Yes,Active
Arcade-SlapFight_MiSTer,28/01/2026,02:53:12,antongale,28/01/2026,Yes,Active
Arcade-Tutankham_MiSTer,10/02/2026,22:51:04,TheJesusFish,31/05/2026,Yes,Active
PCFX_MiSTer,12/02/2026,06:20:01,ReverendGumby,16/05/2026,Yes,Active
Arcade-BluePrint_MiSTer,14/02/2026,04:36:15,RodimusFVC,31/05/2026,Yes,Active
AtariLynx_MiSTer,22/02/2026,21:09:45,TheJesusFish,22/02/2026,Yes,Active
WonderSwan_MiSTer,22/02/2026,21:11:37,TheJesusFish,22/02/2026,Yes,Active
Arcade-JunoFirst_MiSTer,23/02/2026,00:41:13,RodimusFVC,31/05/2026,Yes,Active
Arcade-Vastar_MiSTer,24/02/2026,05:09:18,RodimusFVC,01/06/2026,Yes,Active
Arcade-Qix_MiSTer,28/02/2026,04:37:51,RodimusFVC,17/06/2026,Yes,Active
Arcade-Astrocade_MiSTer,01/03/2026,14:19:49,MacroFPGA,18/03/2026,Yes,Active
CreatiVision_MiSTer,03/03/2026,21:58:46,TheJesusFish,03/03/2026,Yes,Active
Arcade-QBert_MiSTer,06/03/2026,09:45:59,shufps,26/03/2026,Yes,Active
Arcade-TaitoSystemSJ_MiSTer,21/03/2026,18:07:46,antongale,21/03/2026,Yes,Active
AdventureVision_MiSTer,23/03/2026,04:44:11,TheJesusFish,23/03/2026,Yes,Active
Arcade-Kangaroo_MiSTer,29/03/2026,16:29:05,RodimusFVC,22/06/2026,Yes,Active
Arcade-SpaceInvaders_MiSTer,31/03/2026,13:21:36,MacroFPGA,22/06/2026,Yes,Active
Arcade-SNK6502_MiSTer,02/04/2026,04:11:17,RodimusFVC,31/05/2026,Yes,Active
Arcade-Darius_MiSTer,11/04/2026,19:54:39,rmonic79,02/05/2026,Yes,Active
Arcade-StarForce_MiSTer,14/04/2026,19:20:19,TheJesusFish,22/04/2026,Yes,Active
PC88_MiSTer,16/04/2026,10:44:30,wwark,16/04/2026,Yes,Active
3DO_MiSTer,25/04/2026,14:28:28,srg320,,No,Active
Arcade-CityConnection_MiSTer,03/05/2026,20:22:11,rmonic79,03/05/2026,Yes,Active
Arcade-ChinaGate_MiSTer,06/05/2026,06:33:41,rmonic79,06/05/2026,Yes,Active
Arcade-GundamSD_MiSTer,14/05/2026,08:16:46,rmonic79,14/05/2026,Yes,Active
GameAndWatch_MiSTer,15/05/2026,22:25:06,TheJesusFish,23/05/2026,Yes,Active
Tamagotchi_MiSTer,15/05/2026,22:37:23,TheJesusFish,16/05/2026,Yes,Active
Jaguar_MiSTer,18/05/2026,03:34:58,greyrogue,26/05/2026,Yes,Active
Arcade-CrazyClimber_MiSTer,21/05/2026,12:36:46,MacroFPGA,21/05/2026,Yes,Active
Arcade-Darius2NinjaWarriors_MiSTer,23/05/2026,14:53:10,rmonic79,25/05/2026,Yes,Active
Arcade-Cave_MiSTer,23/05/2026,23:47:04,TheJesusFish,25/06/2026,Yes,Active
Arcade-StarWars_MiSTer,26/05/2026,22:14:06,Videodr0me,22/06/2026,Yes,Active
Arcade-Dcon_MiSTer,30/05/2026,14:43:28,rmonic79,30/05/2026,Yes,Active
Arcade-BloodBros_MiSTer,30/05/2026,15:18:45,rmonic79,09/06/2026,Yes,Active
GBA_MiSTer,30/05/2026,17:44:03,TheJesusFish,30/05/2026,Yes,Active
Arcade-SpaceFirebird_MiSTer,30/05/2026,22:24:05,MacroFPGA,17/06/2026,Yes,Active
Gamate_MiSTer,31/05/2026,17:22:21,TheJesusFish,31/05/2026,Yes,Active
Atari7800_MiSTer,02/06/2026,16:11:12,TheJesusFish,02/06/2026,Yes,Active
Arcade-IremM72_MiSTer,02/06/2026,16:24:59,TheJesusFish,02/06/2026,Yes,Active
ao486_MiSTer,03/06/2026,11:22:59,sorgelig,03/06/2026,Yes,Active
Apple-II_MiSTer,03/06/2026,11:26:38,sorgelig,03/06/2026,Yes,Active
Archie_MiSTer,03/06/2026,11:30:42,sorgelig,03/06/2026,Yes,Active
Atari800_MiSTer,03/06/2026,11:34:07,sorgelig,03/06/2026,Yes,Active
Menu_MiSTer,03/06/2026,11:55:35,sorgelig,03/06/2026,Yes,Active
AtariST_MiSTer,03/06/2026,12:11:20,sorgelig,03/06/2026,Yes,Active
BK0011M_MiSTer,03/06/2026,12:36:43,sorgelig,03/06/2026,Yes,Active
C16_MiSTer,03/06/2026,12:39:18,sorgelig,03/06/2026,Yes,Active
ColecoVision_MiSTer,03/06/2026,12:46:52,sorgelig,03/06/2026,Yes,Active
Gameboy_MiSTer,03/06/2026,13:22:41,sorgelig,03/06/2026,Yes,Active
MacPlus_MiSTer,03/06/2026,13:26:53,sorgelig,03/06/2026,Yes,Active
Minimig-AGA_MiSTer,03/06/2026,14:04:10,sorgelig,03/06/2026,Yes,Active
MSX_MiSTer,03/06/2026,14:05:17,sorgelig,03/06/2026,Yes,Active
NeoGeo_MiSTer,03/06/2026,14:29:49,sorgelig,03/06/2026,Yes,Active
MegaDrive_MiSTer,03/06/2026,15:10:01,sorgelig,03/06/2026,Yes,Active
MegaCD_MiSTer,03/06/2026,15:14:18,sorgelig,03/06/2026,Yes,Active
NES_MiSTer,03/06/2026,15:29:40,sorgelig,03/06/2026,Yes,Active
Oric_MiSTer,03/06/2026,15:32:13,sorgelig,03/06/2026,Yes,Active
PET2001_MiSTer,03/06/2026,15:38:20,sorgelig,03/06/2026,Yes,Active
QL_MiSTer,03/06/2026,16:07:33,sorgelig,03/06/2026,Yes,Active
S32X_MiSTer,03/06/2026,16:16:47,sorgelig,03/06/2026,Yes,Active
SAM-Coupe_MiSTer,03/06/2026,16:22:22,sorgelig,03/06/2026,Yes,Active
SNES_MiSTer,03/06/2026,16:32:56,sorgelig,03/06/2026,Yes,Active
Apogee_MiSTer,03/06/2026,16:37:41,sorgelig,03/06/2026,Yes,Active
SMS_MiSTer,03/06/2026,16:41:41,sorgelig,13/06/2026,Yes,Active
Specialist_MiSTer,03/06/2026,17:11:33,sorgelig,03/06/2026,Yes,Active
TSConf_MiSTer,03/06/2026,17:12:08,sorgelig,03/06/2026,Yes,Active
TurboGrafx16_MiSTer,03/06/2026,17:15:37,sorgelig,03/06/2026,Yes,Active
Vector-06C_MiSTer,03/06/2026,18:20:51,sorgelig,03/06/2026,Yes,Active
Vectrex_MiSTer,03/06/2026,18:21:11,sorgelig,03/06/2026,Yes,Active
VIC20_MiSTer,03/06/2026,18:21:31,sorgelig,03/06/2026,Yes,Active
ZX81_MiSTer,03/06/2026,19:24:47,sorgelig,03/06/2026,Yes,Active
X68000_MiSTer,03/06/2026,19:25:18,sorgelig,03/06/2026,Yes,Active
ZXNext_MISTer,03/06/2026,20:01:27,sorgelig,03/06/2026,Yes,Active
ZX-Spectrum_MISTer,03/06/2026,20:04:47,sorgelig,03/06/2026,Yes,Active
Jupiter_MiSTer,03/06/2026,20:07:28,sorgelig,03/06/2026,Yes,Active
Amstrad_MiSTer,03/06/2026,20:13:02,sorgelig,03/06/2026,Yes,Active
Aquarius_MISTer,03/06/2026,20:15:27,sorgelig,03/06/2026,Yes,Active
Astrocade_MiSTer,03/06/2026,20:17:59,sorgelig,03/06/2026,Yes,Active
BBCMicro_MiSTer,03/06/2026,20:26:16,sorgelig,03/06/2026,Yes,Active
C128_MiSTer,06/06/2026,16:07:16,eriks5,06/06/2026,Yes,Active
Arcade_SkySmasher_MiSTer,08/06/2026,14:23:54,rmonic79,08/06/2026,Yes,Active
Arcade-CaveBanpresto_MiSTer,12/06/2026,16:14:02,TheJesusFish,28/06/2026,Yes,Active
Arcade-ActFancer_MiSTer,15/06/2026,08:49:04,rmonic79,16/06/2026,Yes,Active
Arcade-Darius2WarriorBlade_MiSTer,16/06/2026,00:28:00,rmonic79,20/06/2026,Yes,Active
Arcade-IGSPGM_MiSTer,20/06/2026,13:57:22,wickerwaka,28/06/2026,Yes,Active
Arcade-Deco16_Mister,20/06/2026,22:51:26,asturur,20/06/2026,No,Active
MemTest_MiSTer,23/06/2026,07:23:39,sorgelig,30/01/2021,No,Active
C64_MiSTer,29/06/2026,17:38:02,sorgelig,03/06/2026,No,Active
Arcade-DECOCassette_MiSTer,30/06/2026,20:36:39,RodimusFVC,30/06/2026,Yes,Active
